Run,ReleaseDate,LoadDate,spots,bases,spots_with_mates,avgLength,size_MB,AssemblyName,download_path,Experiment,LibraryName,LibraryStrategy,LibrarySelection,LibrarySource,LibraryLayout,InsertSize,InsertDev,Platform,Model,SRAStudy,BioProject,Study_Pubmed_id,ProjectID,Sample,BioSample,SampleType,TaxID,ScientificName,SampleName,g1k_pop_code,source,g1k_analysis_group,Subject_ID,Sex,Disease,Tumor,Affection_Status,Analyte_Type,Histological_Type,Body_Site,CenterName,Submission,dbgap_study_accession,Consent,RunHash,ReadHash
SRR11209245,2020-02-28 18:16:40,2020-02-28 17:46:29,4000,89823343,0,22455,77,,https://sra-downloadb.be-md.ncbi.nlm.nih.gov/sos5/sra-pub-zq-16/SRR011/11209/SRR11209245/SRR11209245.lite.1,SRX7822188,FAL25346_900f5cfa348d6a14ab7b341284e92b90c715fc85_16,WGS,RANDOM,GENOMIC,SINGLE,0,0,OXFORD_NANOPORE,GridION,SRP251108,PRJNA609126,,609126,SRS6233359,SAMN14231577,simple,1280,Staphylococcus aureus,SA1428_strain,,,,,,,no,,,,,NATIONAL ANIMAL DISEASE CENTER,SRA1049368,,public,39CDB7F4CC09284C10CFB874B5CC3ED4,12A6383CBE63FC1619853A119C3D926F
SRR14933397,2021-06-29 00:26:12,2021-06-28 23:31:26,443850,677330895,0,1526,598,,https://sra-downloadb.be-md.ncbi.nlm.nih.gov/sos4/sra-pub-zq-1/SRR014/14933/SRR14933397/SRR14933397.lite.1,SRX11246054,WBG8287_all_nanpore,WGS,RANDOM,GENOMIC,SINGLE,0,0,OXFORD_NANOPORE,MinION,SRP325908,PRJNA703736,,703736,SRS9292093,SAMN14225426,simple,1280,Staphylococcus aureus,gb|GQ900392.1,,,,,,,no,,,,,CURTIN UNIVERSITY,SRA1251046,,public,0EC84775BD47F88EC11204E4B39A327A,423B24970BF4EE18A46295FDE8E703C2
SRR22266344,2023-04-28 03:40:19,2022-11-12 05:44:55,58976,89809072,0,1522,74,,https://sra-downloadb.be-md.ncbi.nlm.nih.gov/sos4/sra-pub-run-30/SRR022/22266/SRR22266344/SRR22266344.1,SRX18242645,MRSA-N7,AMPLICON,PCR,METAGENOMIC,SINGLE,0,0,OXFORD_NANOPORE,MinION,SRP407562,PRJNA900717,,900717,SRS15738376,SAMN31699631,simple,1441287,mouse metagenome,MRSA-N7,,,,,,,no,,,,,CHINESE PLA CENTER FOR DISEASE CONTROL AND PREVENTION,SRA1539483,,public,FDF655EEEDAFD4330A57A6CA232B26E3,2EDEB20064EDF4DC0048371B89ADBF80
SRR22859865,2022-12-22 03:51:17,2022-12-22 03:48:26,80922,288396545,0,3563,238,,https://sra-downloadb.be-md.ncbi.nlm.nih.gov/sos4/sra-pub-run-30/SRR022/22859/SRR22859865/SRR22859865.1,SRX18818719,"=""""ONT_""""&A153",WGS,RANDOM,GENOMIC,SINGLE,0,0,OXFORD_NANOPORE,MinION,SRP414408,PRJNA914892,,914892,SRS16251717,SAMN32360951,simple,1280,Staphylococcus aureus,C64,,,,,,,no,,,,,THE UNIVERSITY OF ADELAIDE,SRA1564302,,public,52CD0E7983D6CB2B531A1C00A75D1245,9081964EC5E73D33DCDB78A95156AA89
DRR337709,2022-01-20 11:22:52,2022-01-20 11:20:40,25277,552636499,0,21863,478,,https://sra-downloadb.be-md.ncbi.nlm.nih.gov/sos3/sra-pub-zq-24/DRR000/337/DRR337709/DRR337709.lite.1,DRX326669,,WGS,RANDOM,GENOMIC,SINGLE,0,0,OXFORD_NANOPORE,MinION,DRP007433,PRJDB11405,,741409,DRS195543,SAMD00287806,simple,1280,Staphylococcus aureus,SAMD00287806,,,,,,,no,,,,,JICHI_MED,DRA013325,,public,D40EBD0D3BE417BDCEEC2222F7DF4795,58F9AC8749D713690DFEDA589E29CDF2
SRR12343989,2021-08-01 00:04:59,2020-07-29 10:28:05,9443,131971488,0,13975,114,,https://sra-downloadb.be-md.ncbi.nlm.nih.gov/sos3/sra-pub-zq-24/SRR012/12343/SRR12343989/SRR12343989.lite.1,SRX8843576,NAS_AN_261_nanopore,WGS,PCR,GENOMIC,SINGLE,0,0,OXFORD_NANOPORE,MinION,SRP274107,PRJNA626345,,626345,SRS7106631,SAMN15567956,simple,1280,Staphylococcus aureus,NAS_AN_261,,,,,,,no,,,,,UNIVERSITY OF CENTRAL FLORIDA,SRA1105247,,public,E970B307DE0838D8D9B12A6AED8E5D7F,E5C6DF1D3A946FE6C75FF009BDA8A94F
SRR11209201,2020-02-28 18:16:41,2020-02-28 17:46:09,4000,96077101,0,24019,83,,https://sra-downloadb.be-md.ncbi.nlm.nih.gov/sos5/sra-pub-zq-16/SRR011/11209/SRR11209201/SRR11209201.lite.1,SRX7822232,FAL25346_900f5cfa348d6a14ab7b341284e92b90c715fc85_22,WGS,RANDOM,GENOMIC,SINGLE,0,0,OXFORD_NANOPORE,GridION,SRP251108,PRJNA609126,,609126,SRS6233359,SAMN14231577,simple,1280,Staphylococcus aureus,SA1428_strain,,,,,,,no,,,,,NATIONAL ANIMAL DISEASE CENTER,SRA1049368,,public,5FB57CBC37BCD79CE5DC8E84FA07512B,5001A532F481A2D4E6A431C9C76F1CAB
SRR25865495,2023-09-04 06:15:13,2023-09-01 03:59:24,89605,853423688,0,9524,717,,https://sra-downloadb.be-md.ncbi.nlm.nih.gov/sos4/sra-pub-run-30/SRR025/25865/SRR25865495/SRR25865495.1,SRX21586902,straphy,WGS,PCR,GENOMIC,SINGLE,0,0,OXFORD_NANOPORE,MinION,SRP457925,PRJNA1011016,,1011016,SRS18786956,SAMN37208208,simple,1280,Staphylococcus aureus,21SAU_AGRO3,,,,,,,no,,,,,EGNOME,SRA1703594,,public,D8819A8A40274D43BF8DFB460E98087C,B0A0F74656AA442A33F2812AB9917AA7
SRR23584381,2023-02-22 11:26:56,2023-02-22 11:18:41,78132,588330538,0,7529,507,,https://sra-downloadb.be-md.ncbi.nlm.nih.gov/sos4/sra-pub-run-30/SRR023/23584/SRR23584381/SRR23584381.1,SRX19469834,MRSA_WC061,WGS,RANDOM,GENOMIC,SINGLE,0,0,OXFORD_NANOPORE,MinION,SRP423723,PRJNA937246,,937246,SRS16847066,SAMN33393892,simple,1280,Staphylococcus aureus,MRSA_WC061,,,,,,,no,,,,,WADSWORTH CENTER - NYS DOH,SRA1594148,,public,78660B666F7E131E809E007414D23E49,752366E08D3743B5F9FF2F62A1DC7B15
SRR25741571,2023-08-23 13:06:45,2023-08-23 13:04:45,167794,614533848,0,3662,545,,https://sra-downloadb.be-md.ncbi.nlm.nih.gov/sos4/sra-pub-run-30/SRR025/25741/SRR25741571/SRR25741571.1,SRX21464933,OF20-25_ONT,WGS,RANDOM,GENOMIC,SINGLE,0,0,OXFORD_NANOPORE,GridION,SRP456656,PRJNA983748,,983748,SRS18699914,SAMN36020171,simple,1280,Staphylococcus aureus,OF20-25,,,,,,,no,,,,,UNIVERSITY OF VERMONT,SRA1698222,,public,889D493FA77BA7315B9CA1C58A5D7BAC,077FA4BC9EB8247C060E05FCEE952724
SRR8776818,2019-12-30 00:01:26,2019-03-25 06:31:01,151346,599317273,0,3959,491,,https://sra-downloadb.be-md.ncbi.nlm.nih.gov/sos5/sra-pub-zq-11/SRR008/776/SRR8776818/SRR8776818.lite.1,SRX5566952,UP_1033_nanopore,WGS,RANDOM,GENOMIC,SINGLE,0,0,OXFORD_NANOPORE,MinION,SRP189296,PRJNA528186,,528186,SRS4529933,SAMN11175623,simple,1280,Staphylococcus aureus,Barcoding_48_sample_26,,,,,,,no,,,,,UNIVERSITY HOSPITAL DUESSELDORF,SRA865192,,public,ACE4CA378F72E7BAE4C4E7E78D8A8217,2DFE3A4BB98D3FA8A5F1FDE95F4EF675
SRR26453301,2023-10-20 16:15:01,2023-10-20 15:39:50,1,3398,0,3398,0,,https://sra-downloadb.be-md.ncbi.nlm.nih.gov/sos2/sra-pub-run-34/SRR026/26453/SRR26453301/SRR26453301.1,SRX22157522,3,CLONE,unspecified,GENOMIC,SINGLE,0,0,OXFORD_NANOPORE,MinION,SRP467573,PRJNA1030403,,1030403,SRS19216482,SAMN37907958,simple,561307,Staphylococcus aureus subsp. aureus RN4220,peak3_Cam1_escaper_1,,,,,,,no,,,,,THE ROCKEFELLER UNIVERSITY,SRA1736742,,public,531EA1EEC8828A7A410338E39F980C4F,14ACDF2EDD3C228BF62DC6FD23F92288
SRR11209271,2020-02-28 18:16:40,2020-02-28 17:46:59,4000,102063602,0,25515,88,,https://sra-downloadb.be-md.ncbi.nlm.nih.gov/sos5/sra-pub-zq-16/SRR011/11209/SRR11209271/SRR11209271.lite.1,SRX7822162,FAL25346_900f5cfa348d6a14ab7b341284e92b90c715fc85_58,WGS,RANDOM,GENOMIC,SINGLE,0,0,OXFORD_NANOPORE,GridION,SRP251108,PRJNA609126,,609126,SRS6233359,SAMN14231577,simple,1280,Staphylococcus aureus,SA1428_strain,,,,,,,no,,,,,NATIONAL ANIMAL DISEASE CENTER,SRA1049368,,public,402C02C51D6B967DACCF4890B5458429,CF62100FAB121D57B41756612DF972CD
ERR12076611,2023-09-28 07:42:50,2023-10-01 17:54:50,29053,132401954,0,4557,111,,https://sra-downloadb.be-md.ncbi.nlm.nih.gov/sos3/sra-pub-run-36/ERR012/12076/ERR12076611/ERR12076611.1,ERX11458978,,WGS,RANDOM,GENOMIC,SINGLE,0,0,OXFORD_NANOPORE,GridION,ERP144973,PRJEB59926,,963341,ERS14646500,SAMEA112648784,simple,1280,Staphylococcus aureus,SAMEA112648784,,,,,,,no,,,,,"CENTRE FOR GENOMIC EPIDEMIOLOGY, NATIONAL FOOD INS",ERA27267643,,public,F597D5B65AEF2D9C01252EAE9B75DAB8,A48A34693A804BFD7793936304D66BC3
SRR8776880,2019-12-30 00:01:25,2019-03-25 06:35:15,79941,683239280,0,8546,531,,https://sra-downloadb.be-md.ncbi.nlm.nih.gov/sos5/sra-pub-zq-16/SRR008/8776/SRR8776880/SRR8776880.lite.1,SRX5566890,UP_1097_nanopore,WGS,RANDOM,GENOMIC,SINGLE,0,0,OXFORD_NANOPORE,MinION,SRP189296,PRJNA528186,,528186,SRS4529913,SAMN11175590,simple,1280,Staphylococcus aureus,Barcoding_10_sample_4,,,,,,,no,,,,,UNIVERSITY HOSPITAL DUESSELDORF,SRA865192,,public,00AB5BBD1955DB564CFAB698C1F1CFE0,6A3ED45A11F26959F7C348FA68D638E8
SRR22859856,2022-12-22 03:51:17,2022-12-22 03:49:55,30142,168620059,0,5594,139,,https://sra-downloadb.be-md.ncbi.nlm.nih.gov/sos4/sra-pub-run-30/SRR022/22859/SRR22859856/SRR22859856.1,SRX18818728,"=""""ONT_""""&A18",WGS,RANDOM,GENOMIC,SINGLE,0,0,OXFORD_NANOPORE,MinION,SRP414408,PRJNA914892,,914892,SRS16251872,SAMN32360816,simple,1280,Staphylococcus aureus,C257,,,,,,,no,,,,,THE UNIVERSITY OF ADELAIDE,SRA1564302,,public,C29FD6DFFB429EEF89B97577B43CD7AD,A829356CD558BCBF22C31A666DD26634
SRR22859894,2022-12-22 03:51:17,2022-12-22 03:48:59,27899,89635321,0,3212,74,,https://sra-downloadb.be-md.ncbi.nlm.nih.gov/sos4/sra-pub-run-30/SRR022/22859/SRR22859894/SRR22859894.1,SRX18818690,"=""""ONT_""""&A80",WGS,RANDOM,GENOMIC,SINGLE,0,0,OXFORD_NANOPORE,MinION,SRP414408,PRJNA914892,,914892,SRS16251781,SAMN32360878,simple,1280,Staphylococcus aureus,C276,,,,,,,no,,,,,THE UNIVERSITY OF ADELAIDE,SRA1564302,,public,7D2B87477273D1F01DF7E9D06150BE7C,BB4549C6D4A97A9B6339351F56E62919
ERR8187226,2022-01-30 04:19:20,2022-07-20 19:46:00,20273,105451284,0,5201,92,,https://sra-downloadb.be-md.ncbi.nlm.nih.gov/sos4/sra-pub-run-30/ERR008/8187/ERR8187226/ERR8187226.1,ERX7750100,RBK-004,WGS,RANDOM,GENOMIC,SINGLE,0,0,OXFORD_NANOPORE,MinION,ERP135060,PRJEB50484,,802008,ERS10222669,SAMEA12616231,simple,1280,Staphylococcus aureus,SAMEA12616231,,,,,,,no,,,,,CENTRAL RESEARCH LABORATORY,ERA8579032,,public,14177B192004EB9A6330CB4383801AEB,7729F4055D134198D553A82A904BDCA5
SRR25741617,2023-08-23 13:05:23,2023-08-23 13:02:34,9328,114853007,0,12312,95,,https://sra-downloadb.be-md.ncbi.nlm.nih.gov/sos4/sra-pub-run-30/SRR025/25741/SRR25741617/SRR25741617.1,SRX21464888,CB181_ONT,WGS,RANDOM,GENOMIC,SINGLE,0,0,OXFORD_NANOPORE,GridION,SRP456656,PRJNA983748,,983748,SRS18699957,SAMN36020240,simple,1280,Staphylococcus aureus,CB181,,,,,,,no,,,,,UNIVERSITY OF VERMONT,SRA1698222,,public,5D21ED3BE317D887D8085A466A9DB4BA,5E5F33F1BE3DB895A574B622D1012799
SRR22859870,2022-12-22 03:50:43,2022-12-22 03:47:35,110909,238795958,0,2153,197,,https://sra-downloadb.be-md.ncbi.nlm.nih.gov/sos4/sra-pub-run-30/SRR022/22859/SRR22859870/SRR22859870.1,SRX18818714,"=""""ONT_""""&A149",WGS,RANDOM,GENOMIC,SINGLE,0,0,OXFORD_NANOPORE,MinION,SRP414408,PRJNA914892,,914892,SRS16251886,SAMN32360947,simple,1280,Staphylococcus aureus,C887,,,,,,,no,,,,,THE UNIVERSITY OF ADELAIDE,SRA1564302,,public,0B6193BF0A88DE728D6122E96FE112AF,66C5FCD17F880EA51EFDDF15F1224D51
SRR13745240,2021-04-15 10:05:40,2021-02-19 13:21:34,181770,701086120,0,3856,610,,https://sra-downloadb.be-md.ncbi.nlm.nih.gov/sos3/sra-pub-zq-22/SRR013/13745/SRR13745240/SRR13745240.lite.1,SRX10132319,HPB10236_MinION,WGS,RANDOM,GENOMIC,SINGLE,0,0,OXFORD_NANOPORE,MinION,SRP307131,PRJNA703008,,703008,SRS8286466,SAMN17983071,simple,1282,Staphylococcus epidermidis,CBPA-ST-11003,,,,,,,no,,,,,HEALTH CANADA,SRA1198042,,public,74BC98CE27B1C11EEB83AED1D0A6E15B,B3AC2F2225CF6CC5EFE3D0F266C63D8C
SRR19362963,2022-05-23 16:05:38,2022-05-23 16:03:06,84000,1428241290,0,17002,1191,,https://sra-downloadb.be-md.ncbi.nlm.nih.gov/sos2/sra-pub-zq-20/SRR019/19362/SRR19362963/SRR19362963.lite.1,SRX15421594,PAD90410N4,WGS,RANDOM,GENOMIC,SINGLE,0,0,OXFORD_NANOPORE,PromethION,SRP376692,PRJNA841424,,841424,SRS13145162,SAMN28593731,simple,1280,Staphylococcus aureus,N4,,,,,,,no,,,,,TSINGHUA UNIVERSITY,SRA1424968,,public,64C76DA89313C08C1FF8AEC845887B5E,3413C5826C182FBBC96EE29DE829AE54
SRR22266324,2023-04-28 03:40:19,2022-11-12 05:45:16,74855,116470061,0,1555,96,,https://sra-downloadb.be-md.ncbi.nlm.nih.gov/sos4/sra-pub-run-30/SRR022/22266/SRR22266324/SRR22266324.1,SRX18242665,PR8-N1,AMPLICON,PCR,METAGENOMIC,SINGLE,0,0,OXFORD_NANOPORE,MinION,SRP407562,PRJNA900717,,900717,SRS15738396,SAMN31699649,simple,1441287,mouse metagenome,PR8-N1,,,,,,,no,,,,,CHINESE PLA CENTER FOR DISEASE CONTROL AND PREVENTION,SRA1539483,,public,A0E24B7155EC646D5277C1D6A0646725,772F29B3A2E615E39B1655BEE18B559C
SRR25890190,2023-09-13 00:01:16,2023-09-03 03:57:26,547443,520656722,0,951,483,,https://sra-downloadb.be-md.ncbi.nlm.nih.gov/sos4/sra-pub-run-30/SRR025/25890/SRR25890190/SRR25890190.1,SRX21610649,MRSA_N_BC_06,WGS,unspecified,GENOMIC,SINGLE,0,0,OXFORD_NANOPORE,MinION,SRP458186,PRJNA1012291,,1012291,SRS18783877,SAMN37251713,simple,1279,Staphylococcus,MRSA Isolate 6 Nanopore,,,,,,,no,,,,,UNIVERSITY HOSPITAL DUESSELDORF,SRA1704351,,public,082C7D49A0C695C2BBB81E1DDFF5F5BC,A186073790818248F5E2100647627F87
ERR8187245,2022-01-30 04:19:20,2022-07-27 14:13:37,16083,94654619,0,5885,81,,https://sra-downloadb.be-md.ncbi.nlm.nih.gov/sos2/sra-pub-zq-18/ERR008/8187/ERR8187245/ERR8187245.lite.1,ERX7750119,RBK-004,WGS,RANDOM,GENOMIC,SINGLE,0,0,OXFORD_NANOPORE,MinION,ERP135060,PRJEB50484,,802008,ERS10222650,SAMEA12616212,simple,1280,Staphylococcus aureus,SAMEA12616212,,,,,,,no,,,,,CENTRAL RESEARCH LABORATORY,ERA8579032,,public,77E3D7E496BEEE125CD91023299AA068,A9F01CC67CA9F9D91CCC0F2B3108D4D7
ERR12342518,2023-12-06 23:55:51,2023-12-07 03:11:46,65322,530528898,0,8121,436,,https://sra-downloadb.be-md.ncbi.nlm.nih.gov/sos3/sra-pub-run-36/ERR012/12342/ERR12342518/ERR12342518.1,ERX11719380,,WGS,PCR,GENOMIC,SINGLE,0,0,OXFORD_NANOPORE,GridION,ERP135763,PRJEB51164,,840371,ERS17208544,SAMEA114787149,simple,1280,Staphylococcus aureus,SAMEA114787149,,,,,,,no,,,,,"UNIVERSITY OF OXFORD, OXFORD, ENGLAND, UK",ERA27552186,,public,0F77B065C3C7B9765A3D66067654D4DC,B5975D44A2BA6724E3FBC9464F687C32
SRR8776899,2019-12-30 00:01:24,2019-03-25 06:30:16,154304,616861519,0,3997,504,,https://sra-downloadb.be-md.ncbi.nlm.nih.gov/sos3/sra-pub-zq-24/SRR008/8776/SRR8776899/SRR8776899.lite.1,SRX5566871,UP_403_nanopore,WGS,RANDOM,GENOMIC,SINGLE,0,0,OXFORD_NANOPORE,MinION,SRP189296,PRJNA528186,,528186,SRS4529894,SAMN11175604,simple,1280,Staphylococcus aureus,Barcoding_48_sample_7,,,,,,,no,,,,,UNIVERSITY HOSPITAL DUESSELDORF,SRA865192,,public,569B2B00DD54DE45942C29B2DA3FC8C9,8613F22BA4FB0A5FC8437065E1139ED7
SRR24781619,2023-05-31 17:57:46,2023-05-31 17:55:45,1666384,2591985431,0,1555,2273,,https://sra-downloadb.be-md.ncbi.nlm.nih.gov/sos3/sra-pub-run-36/SRR024/24781/SRR24781619/SRR24781619.1,SRX20554651,barcode-nb09,OTHER,cDNA,OTHER,SINGLE,0,0,OXFORD_NANOPORE,MinION,SRP440497,PRJNA976947,,976947,SRS17861265,SAMN35447408,simple,1280,Staphylococcus aureus,R10-SAl2,,,,,,,no,,,,,CITY UNIVERSITY OF HONG KONG,SRA1647131,,public,070B46C7964478B9419FDF3A9305AF48,00CE58557733493104C6C98543B1A1F2
SRR11209260,2020-02-28 18:16:40,2020-02-28 17:46:22,4000,83493964,0,20873,72,,https://sra-downloadb.be-md.ncbi.nlm.nih.gov/sos5/sra-pub-zq-16/SRR011/11209/SRR11209260/SRR11209260.lite.1,SRX7822173,FAL25346_900f5cfa348d6a14ab7b341284e92b90c715fc85_121,WGS,RANDOM,GENOMIC,SINGLE,0,0,OXFORD_NANOPORE,GridION,SRP251108,PRJNA609126,,609126,SRS6233359,SAMN14231577,simple,1280,Staphylococcus aureus,SA1428_strain,,,,,,,no,,,,,NATIONAL ANIMAL DISEASE CENTER,SRA1049368,,public,596B636476BBEA3B3E681E662218F19E,FAF0230555721BEE6696149361B32AB0
SRR22252484,2022-11-10 02:20:24,2022-11-10 02:17:43,64853,100808373,0,1554,86,,https://sra-downloadb.be-md.ncbi.nlm.nih.gov/sos4/sra-pub-run-30/SRR022/22252/SRR22252484/SRR22252484.1,SRX18229096,Run10Barcode13,AMPLICON,PCR,GENOMIC,SINGLE,0,0,OXFORD_NANOPORE,MinION,SRP407119,PRJNA900010,,900010,SRS15725266,SAMN31676277,simple,1280,Staphylococcus aureus,DNeasy PowerSoil - S. aureus,,,,,,,no,,,,,SAM HOUSTON STATE UNIVERSITY,SRA1538262,,public,012401C18676AEC44DF6A6A6FF14022B,5C340C6410905AF6E1C702CA9E225CE5
SRR11209216,2020-02-28 18:16:41,2020-02-28 17:46:09,4000,101040131,0,25260,87,,https://sra-downloadb.be-md.ncbi.nlm.nih.gov/sos5/sra-pub-zq-16/SRR011/11209/SRR11209216/SRR11209216.lite.1,SRX7822217,FAL25346_900f5cfa348d6a14ab7b341284e92b90c715fc85_74,WGS,RANDOM,GENOMIC,SINGLE,0,0,OXFORD_NANOPORE,GridION,SRP251108,PRJNA609126,,609126,SRS6233359,SAMN14231577,simple,1280,Staphylococcus aureus,SA1428_strain,,,,,,,no,,,,,NATIONAL ANIMAL DISEASE CENTER,SRA1049368,,public,7E8325B838275F72EF96BBB3C6F02C56,1D835EAEAFB4D4FCE480B974E9336897
SRR13255667,2022-01-01 03:04:25,2020-12-19 01:14:22,190131,183375251,0,964,144,,https://sra-downloadb.be-md.ncbi.nlm.nih.gov/sos2/sra-pub-zq-18/SRR013/13255/SRR13255667/SRR13255667.lite.1,SRX9686627,CUMC4945_Nanopore,WGS,RANDOM,GENOMIC,SINGLE,0,0,OXFORD_NANOPORE,MinION,SRP298016,PRJNA685142,,685142,SRS7884247,SAMN17078299,simple,1280,Staphylococcus aureus,CUMC4945,,,,,,,no,,,,,COLUMBIA UNIVERSITY,SRA1171479,,public,A1FFA135EBB8D5B220907F683D2AD8DF,AB52034D4BD617E52CB5DD442957815B
SRR20722515,2023-01-01 00:07:42,2022-07-31 01:45:40,353722,847542803,0,2396,711,,https://sra-downloadb.be-md.ncbi.nlm.nih.gov/sos4/sra-pub-run-30/SRR020/20722/SRR20722515/SRR20722515.1,SRX16743018,6,AMPLICON,RANDOM,GENOMIC,SINGLE,0,0,OXFORD_NANOPORE,MinION,SRP388921,PRJNA863907,,863907,SRS14370800,SAMN30068544,simple,1280,Staphylococcus aureus,100% N384 culture mix VISA amplicons,,,,,,,no,,,,,EMORY UNIVERSITY,SRA1465840,,public,593A79418C5A082AA36F594818DA2CDC,50395BF57B1F125C97932F2179627FEB
SRR22266383,2023-04-28 03:40:18,2022-11-12 05:45:22,69089,98227436,0,1421,81,,https://sra-downloadb.be-md.ncbi.nlm.nih.gov/sos4/sra-pub-run-30/SRR022/22266/SRR22266383/SRR22266383.1,SRX18242606,CO-B2,AMPLICON,PCR,METAGENOMIC,SINGLE,0,0,OXFORD_NANOPORE,MinION,SRP407562,PRJNA900717,,900717,SRS15738337,SAMN31699596,simple,1441287,mouse metagenome,CO-B2,,,,,,,no,,,,,CHINESE PLA CENTER FOR DISEASE CONTROL AND PREVENTION,SRA1539483,,public,F875A12E73642B34E3242E788B2C55EA,3DF69B2B896252A335B3C2BEB19CA7D5
SRR25741498,2023-08-23 13:22:55,2023-08-23 13:06:18,49464,375858192,0,7598,330,,https://sra-downloadb.be-md.ncbi.nlm.nih.gov/sos4/sra-pub-run-30/SRR025/25741/SRR25741498/SRR25741498.1,SRX21465006,AC06-110_ONT,WGS,RANDOM,GENOMIC,SINGLE,0,0,OXFORD_NANOPORE,GridION,SRP456656,PRJNA983748,,983748,SRS18699901,SAMN36020149,simple,1280,Staphylococcus aureus,AC06-110,,,,,,,no,,,,,UNIVERSITY OF VERMONT,SRA1698222,,public,24A8CF7DC549102414EDF4F029C3A6FD,B17836EB8028A00C14B3B6BC3E0112EE
SRR25741541,2023-08-23 13:22:55,2023-08-23 13:05:34,35461,251852870,0,7102,210,,https://sra-downloadb.be-md.ncbi.nlm.nih.gov/sos4/sra-pub-run-30/SRR025/25741/SRR25741541/SRR25741541.1,SRX21464963,AC15-66_ONT,WGS,RANDOM,GENOMIC,SINGLE,0,0,OXFORD_NANOPORE,GridION,SRP456656,PRJNA983748,,983748,SRS18699997,SAMN36020219,simple,1280,Staphylococcus aureus,AC15-66,,,,,,,no,,,,,UNIVERSITY OF VERMONT,SRA1698222,,public,2027AFDB6DFE31705CC35EEFB70982E7,3B7B0B4738BC20208C2F2275C63187C4
SRR22859717,2022-12-22 03:50:43,2022-12-22 03:46:40,14290,44322356,0,3101,36,,https://sra-downloadb.be-md.ncbi.nlm.nih.gov/sos4/sra-pub-run-30/SRR022/22859/SRR22859717/SRR22859717.1,SRX18818520,"=""""ONT_""""&A40",WGS,RANDOM,GENOMIC,SINGLE,0,0,OXFORD_NANOPORE,MinION,SRP414408,PRJNA914892,,914892,SRS16251789,SAMN32360838,simple,1280,Staphylococcus aureus,C9,,,,,,,no,,,,,THE UNIVERSITY OF ADELAIDE,SRA1564302,,public,56A5E308F713E1117F3D9BC815486817,3B2035E4FC026D1694441D1AA2D2416E
ERR11262549,2023-09-16 17:24:13,2023-10-04 17:35:51,5868,26551235,0,4524,22,,https://sra-downloadb.be-md.ncbi.nlm.nih.gov/sos3/sra-pub-run-36/ERR011/11262/ERR11262549/ERR11262549.1,ERX10670047,,WGS,PCR,GENOMIC,SINGLE,0,0,OXFORD_NANOPORE,GridION,ERP144617,PRJEB59568,,989901,ERS14949156,SAMEA112953585,simple,1280,Staphylococcus aureus,SAMEA112953585,,,,,,,no,,,,,GUY'S AND ST THOMAS' TRUST,ERA22346819,,public,2679E0ACA667091D09038CFEF4D3418D,A29B48A16A7866DEAB0C584AAACBAF20
SRR12343948,2021-08-01 00:05:00,2020-07-29 10:28:39,14172,160001347,0,11289,141,,https://sra-downloadb.be-md.ncbi.nlm.nih.gov/sos4/sra-pub-zq-1/SRR012/12343/SRR12343948/SRR12343948.lite.1,SRX8843617,NAS_OP_133_nanopore,WGS,PCR,GENOMIC,SINGLE,0,0,OXFORD_NANOPORE,MinION,SRP274107,PRJNA626345,,626345,SRS7106668,SAMN15567993,simple,1280,Staphylococcus aureus,NAS_OP_133,,,,,,,no,,,,,UNIVERSITY OF CENTRAL FLORIDA,SRA1105247,,public,C6AE33712C445C0A43209D6A59DD8F57,6F15840FFAD4EF35F19CCBF9C258E094
SRR26453297,2023-10-20 16:15:01,2023-10-20 15:39:49,1,11554,0,11554,0,,https://sra-downloadb.be-md.ncbi.nlm.nih.gov/sos2/sra-pub-run-34/SRR026/26453/SRR26453297/SRR26453297.1,SRX22157526,7,CLONE,unspecified,GENOMIC,SINGLE,0,0,OXFORD_NANOPORE,MinION,SRP467573,PRJNA1030403,,1030403,SRS19216486,SAMN37907962,simple,561307,Staphylococcus aureus subsp. aureus RN4220,peak1_Cam1_escaper_3,,,,,,,no,,,,,THE ROCKEFELLER UNIVERSITY,SRA1736742,,public,35694AA6547D54536F4D91F21F24E0E1,43DEEDCD321EBAD8696D631B93A35B11
SRR25741540,2023-08-23 13:22:55,2023-08-23 13:05:58,26935,191412922,0,7106,160,,https://sra-downloadb.be-md.ncbi.nlm.nih.gov/sos4/sra-pub-run-30/SRR025/25741/SRR25741540/SRR25741540.1,SRX21464964,AC15-8_ONT,WGS,RANDOM,GENOMIC,SINGLE,0,0,OXFORD_NANOPORE,GridION,SRP456656,PRJNA983748,,983748,SRS18699999,SAMN36020220,simple,1280,Staphylococcus aureus,AC15-8,,,,,,,no,,,,,UNIVERSITY OF VERMONT,SRA1698222,,public,4DC0A34967B07F85D45536650355C61A,6CD7C7C6B1AA1C4E21003BD334B8F323
SRR25741570,2023-08-23 13:06:45,2023-08-23 13:03:31,123860,449334372,0,3627,400,,https://sra-downloadb.be-md.ncbi.nlm.nih.gov/sos4/sra-pub-run-30/SRR025/25741/SRR25741570/SRR25741570.1,SRX21464934,AC07-1_ONT,WGS,RANDOM,GENOMIC,SINGLE,0,0,OXFORD_NANOPORE,GridION,SRP456656,PRJNA983748,,983748,SRS18699987,SAMN36020191,simple,1280,Staphylococcus aureus,AC07-1,,,,,,,no,,,,,UNIVERSITY OF VERMONT,SRA1698222,,public,048B7A39EBC8C08DB16505955CB6645A,AC4719CD0B380CF88D4022DBDFA071D1
SRR25741616,2023-08-23 13:05:23,2023-08-23 13:02:19,8048,90679745,0,11267,75,,https://sra-downloadb.be-md.ncbi.nlm.nih.gov/sos4/sra-pub-run-30/SRR025/25741/SRR25741616/SRR25741616.1,SRX21464889,CP15_ONT,WGS,RANDOM,GENOMIC,SINGLE,0,0,OXFORD_NANOPORE,GridION,SRP456656,PRJNA983748,,983748,SRS18699958,SAMN36020241,simple,1280,Staphylococcus aureus,CP15,,,,,,,no,,,,,UNIVERSITY OF VERMONT,SRA1698222,,public,F7E565183E764FFC874F3F7537F0087E,96C9973A6D86311B55CA71900204C329
SRR12343855,2021-08-01 00:05:02,2020-07-29 10:26:24,7886,103766434,0,13158,90,,https://sra-downloadb.be-md.ncbi.nlm.nih.gov/sos1/sra-pub-zq-38/SRR012/12343/SRR12343855/SRR12343855.lite.1,SRX8843710,NAS_AN_009_nanopore,WGS,PCR,GENOMIC,SINGLE,0,0,OXFORD_NANOPORE,MinION,SRP274107,PRJNA626345,,626345,SRS7106675,SAMN15567909,simple,1280,Staphylococcus aureus,NAS_AN_009,,,,,,,no,,,,,UNIVERSITY OF CENTRAL FLORIDA,SRA1105247,,public,AB17FD730254EA94A47C7D5CCF15BD1B,2C91AF3FEE2D049A82FD1F427957C3A7
SRR22859731,2022-12-22 03:50:43,2022-12-22 03:47:22,10562,71153268,0,6736,58,,https://sra-downloadb.be-md.ncbi.nlm.nih.gov/sos4/sra-pub-run-30/SRR022/22859/SRR22859731/SRR22859731.1,SRX18818506,"=""""ONT_""""&A27",WGS,RANDOM,GENOMIC,SINGLE,0,0,OXFORD_NANOPORE,MinION,SRP414408,PRJNA914892,,914892,SRS16251779,SAMN32360825,simple,1280,Staphylococcus aureus,C57,,,,,,,no,,,,,THE UNIVERSITY OF ADELAIDE,SRA1564302,,public,2EAD31A3588784A57B6510CDA30E3078,2AEFC044EF5EF6C3304DF669ADF8C6C8
SRR25741558,2023-08-23 13:06:45,2023-08-23 13:03:54,85862,412751367,0,4807,364,,https://sra-downloadb.be-md.ncbi.nlm.nih.gov/sos4/sra-pub-run-30/SRR025/25741/SRR25741558/SRR25741558.1,SRX21464946,HOCKL1_ONT,WGS,RANDOM,GENOMIC,SINGLE,0,0,OXFORD_NANOPORE,GridION,SRP456656,PRJNA983748,,983748,SRS18699928,SAMN36020202,simple,1280,Staphylococcus aureus,HOCKL1,,,,,,,no,,,,,UNIVERSITY OF VERMONT,SRA1698222,,public,4E6EC1B13A07389F5A79C09CDE1305EC,D341AA5EB5C0E4DD28B00BFCBD54E579
SRR12343991,2021-08-01 00:04:59,2020-07-29 10:26:37,7258,55020764,0,7580,48,,https://sra-downloadb.be-md.ncbi.nlm.nih.gov/sos3/sra-pub-zq-24/SRR012/12343/SRR12343991/SRR12343991.lite.1,SRX8843574,NAS_AN_258_nanopore,WGS,PCR,GENOMIC,SINGLE,0,0,OXFORD_NANOPORE,MinION,SRP274107,PRJNA626345,,626345,SRS7106629,SAMN15567954,simple,1280,Staphylococcus aureus,NAS_AN_258,,,,,,,no,,,,,UNIVERSITY OF CENTRAL FLORIDA,SRA1105247,,public,021C30027355BD169F893D4E4413E0EF,AAE7628E7855945168D2ED76B26CDAE3
SRR22859956,2022-12-22 03:52:55,2022-12-22 03:51:14,23140,170810277,0,7381,141,,https://sra-downloadb.be-md.ncbi.nlm.nih.gov/sos4/sra-pub-run-30/SRR022/22859/SRR22859956/SRR22859956.1,SRX18818627,"=""""ONT_""""&A138",WGS,RANDOM,GENOMIC,SINGLE,0,0,OXFORD_NANOPORE,MinION,SRP414408,PRJNA914892,,914892,SRS16251864,SAMN32360936,simple,1280,Staphylococcus aureus,C867,,,,,,,no,,,,,THE UNIVERSITY OF ADELAIDE,SRA1564302,,public,D8E505DC30AE1B7DD3084F9FDE65B854,64B1EF9351E1DDD9AF68FB83E99D428C
SRR12343949,2021-08-01 00:05:00,2020-07-29 10:29:08,12015,160014361,0,13317,141,,https://sra-downloadb.be-md.ncbi.nlm.nih.gov/sos3/sra-pub-zq-24/SRR012/12343/SRR12343949/SRR12343949.lite.1,SRX8843616,NAS_OP_132_nanopore,WGS,PCR,GENOMIC,SINGLE,0,0,OXFORD_NANOPORE,MinION,SRP274107,PRJNA626345,,626345,SRS7106667,SAMN15567992,simple,1280,Staphylococcus aureus,NAS_OP_132,,,,,,,no,,,,,UNIVERSITY OF CENTRAL FLORIDA,SRA1105247,,public,0B46C68E16E5BCECFCD8B991C93E116D,56035EC7D565EC8AC25C73C664D0211D
SRR10040055,2019-08-30 13:24:39,2019-08-30 10:55:51,2025805,4610152295,0,2275,3925,,https://sra-downloadb.be-md.ncbi.nlm.nih.gov/sos5/sra-pub-zq-11/SRR010/040/SRR10040055/SRR10040055.lite.1,SRX6774999,BPH2947-hsdMS-nanopore,AMPLICON,PCR,GENOMIC,SINGLE,0,0,OXFORD_NANOPORE,MinION,SRP219260,PRJNA527676,,527676,SRS5322086,SAMN12638343,simple,1280,Staphylococcus aureus,BPH2947,,,,,,,no,,,,,UNIVERSITY OF MELBOURNE,SRA949545,,public,A945CA1CAF945CABB81EFB35776EBA31,2E6D675D50ABCBD56C44ADC70FD9171E
SRR12343848,2021-08-01 00:05:02,2020-07-29 10:25:34,10312,123681892,0,11993,107,,https://sra-downloadb.be-md.ncbi.nlm.nih.gov/sos2/sra-pub-zq-20/SRR012/12343/SRR12343848/SRR12343848.lite.1,SRX8843717,NAS_AN_050_nanopore,WGS,PCR,GENOMIC,SINGLE,0,0,OXFORD_NANOPORE,MinION,SRP274107,PRJNA626345,,626345,SRS7106685,SAMN15567916,simple,1280,Staphylococcus aureus,NAS_AN_050,,,,,,,no,,,,,UNIVERSITY OF CENTRAL FLORIDA,SRA1105247,,public,CDEC2B2B24F0ECF486C65DFFDF5C3BB3,01C4E597310EE4802DF058B8D1994650
SRR12343979,2021-08-01 00:04:59,2020-07-29 10:29:24,13719,160001913,0,11662,140,,https://sra-downloadb.be-md.ncbi.nlm.nih.gov/sos1/sra-pub-zq-38/SRR012/12343/SRR12343979/SRR12343979.lite.1,SRX8843586,NAS_NP_161_nanopore,WGS,PCR,GENOMIC,SINGLE,0,0,OXFORD_NANOPORE,MinION,SRP274107,PRJNA626345,,626345,SRS7106640,SAMN15567965,simple,1280,Staphylococcus aureus,NAS_NP_161,,,,,,,no,,,,,UNIVERSITY OF CENTRAL FLORIDA,SRA1105247,,public,4B9F8FB9C036E24DB06254112A9A03B1,AF87F64B77B9E63FBD2FC3EC9119DFC0
SRR12343978,2021-08-01 00:04:59,2020-07-29 10:29:23,12272,160006020,0,13038,140,,https://sra-downloadb.be-md.ncbi.nlm.nih.gov/sos3/sra-pub-zq-24/SRR012/12343/SRR12343978/SRR12343978.lite.1,SRX8843587,NAS_NP_164_nanopore,WGS,PCR,GENOMIC,SINGLE,0,0,OXFORD_NANOPORE,MinION,SRP274107,PRJNA626345,,626345,SRS7106641,SAMN15567966,simple,1280,Staphylococcus aureus,NAS_NP_164,,,,,,,no,,,,,UNIVERSITY OF CENTRAL FLORIDA,SRA1105247,,public,5B27A62300199DB5971C07FDB961FF07,54E04B9DCB170892289C997028942EB6
SRR26134204,2023-09-21 14:31:11,2023-09-21 14:25:32,334375,655662510,0,1960,555,,https://sra-downloadb.be-md.ncbi.nlm.nih.gov/sos3/sra-pub-run-36/SRR026/26134/SRR26134204/SRR26134204.1,SRX21847545,UM27_ONT,WGS,RANDOM,GENOMIC,SINGLE,0,0,OXFORD_NANOPORE,GridION,SRP462476,PRJNA993145,,993145,SRS18945074,SAMN36380974,simple,1280,Staphylococcus aureus,UM27,,,,,,,no,,,,,UNIVERSITY OF VERMONT,SRA1717372,,public,FA5029957EA1E34EE9104DE39447EFEA,D0EC8A94526649D9FEB3D443DA9F542F
DRR460978,2023-05-22 14:58:07,2023-05-22 15:15:15,29243,181185106,0,6195,158,,https://sra-downloadb.be-md.ncbi.nlm.nih.gov/sos2/sra-pub-zq-20/DRR000/460/DRR460978/DRR460978.lite.1,DRX445237,Oxford Nanopore Rapid Sequencing library of SAMD00594334,WGS,RANDOM,GENOMIC,SINGLE,0,0,OXFORD_NANOPORE,GridION,DRP010034,PRJDB15626,,975365,DRS305616,SAMD00594334,simple,1282,Staphylococcus epidermidis,SAMD00594334,,,,,,,no,,,,,NIID,DRA016138,,public,C5027C5F92E721E2BD91F71E16E2B5A4,438E70130F71C34BD27AB446A705CE65
ERR8187216,2022-01-30 04:19:20,2022-07-27 14:15:38,141772,836049409,0,5897,733,,https://sra-downloadb.be-md.ncbi.nlm.nih.gov/sos2/sra-pub-zq-18/ERR008/8187/ERR8187216/ERR8187216.lite.1,ERX7750090,RBK-004,WGS,RANDOM,GENOMIC,SINGLE,0,0,OXFORD_NANOPORE,MinION,ERP135060,PRJEB50484,,802008,ERS10222679,SAMEA12616241,simple,1280,Staphylococcus aureus,SAMEA12616241,,,,,,,no,,,,,CENTRAL RESEARCH LABORATORY,ERA8579032,,public,55739F52C45D81E32581748101497F9E,CC61F475C22DACE6F170A0DB773D5D71
SRR22582415,2022-12-08 22:40:48,2022-12-08 22:13:09,3252741,3924815663,0,1206,3098,,https://sra-downloadb.be-md.ncbi.nlm.nih.gov/sos2/sra-pub-run-34/SRR022/22582/SRR22582415/SRR22582415.1,SRX18545425,3-03,RNA-Seq,cDNA,TRANSCRIPTOMIC,SINGLE,0,0,OXFORD_NANOPORE,MinION,SRP412107,PRJNA910244,,910244,SRS16011984,SAMN32119475,simple,10116,Rattus norvegicus,3-03,,,,,male,,no,,,,,UNIVERSITY OF ADELAIDE,SRA1556376,,public,CDACB0C09C08FD1F863CAA6E95A61F56,73ED88923070476C38A380E6FC2D5C16
SRR10882881,2020-01-14 04:32:12,2020-01-14 04:29:46,145217,1929822022,0,13289,1659,,https://sra-downloadb.be-md.ncbi.nlm.nih.gov/sos5/sra-pub-zq-16/SRR010/10882/SRR10882881/SRR10882881.lite.1,SRX7551915,UP_1108_nanopore,WGS,RANDOM,GENOMIC,SINGLE,0,0,OXFORD_NANOPORE,MinION,SRP189296,PRJNA528186,,528186,SRS4529935,SAMN11175625,simple,1280,Staphylococcus aureus,Barcoding_48_sample_28,,,,,,,no,,,,,UNIVERSITY HOSPITAL DUESSELDORF,SRA1025779,,public,7B1F5F496E6BBD6A6ECD3F446917B7D7,C114B733456637E623A7AB1629E9DF53
SRR22266373,2023-04-28 03:40:18,2022-11-12 05:45:10,57129,82596619,0,1445,68,,https://sra-downloadb.be-md.ncbi.nlm.nih.gov/sos4/sra-pub-run-30/SRR022/22266/SRR22266373/SRR22266373.1,SRX18242616,CO-B11,AMPLICON,PCR,METAGENOMIC,SINGLE,0,0,OXFORD_NANOPORE,MinION,SRP407562,PRJNA900717,,900717,SRS15738347,SAMN31699605,simple,1441287,mouse metagenome,CO-B11,,,,,,,no,,,,,CHINESE PLA CENTER FOR DISEASE CONTROL AND PREVENTION,SRA1539483,,public,ED809AA9E64BBF200B0782BB81DECD43,5CA708F614D3EF529D53FD393B7780FB
SRR25741581,2023-08-23 13:06:45,2023-08-23 13:03:29,136892,486087787,0,3550,433,,https://sra-downloadb.be-md.ncbi.nlm.nih.gov/sos4/sra-pub-run-30/SRR025/25741/SRR25741581/SRR25741581.1,SRX21464924,AC14-22_ONT,WGS,RANDOM,GENOMIC,SINGLE,0,0,OXFORD_NANOPORE,GridION,SRP456656,PRJNA983748,,983748,SRS18699973,SAMN36020160,simple,1280,Staphylococcus aureus,AC14-22,,,,,,,no,,,,,UNIVERSITY OF VERMONT,SRA1698222,,public,812E9F8B5E93B25072DC4A80E12E9560,ED772C7609C31E81A03D14A3DAC6EBEB
DRR187570,2019-08-06 20:12:57,2019-08-06 20:14:05,120937,578007623,0,4779,472,,https://sra-downloadb.be-md.ncbi.nlm.nih.gov/sos5/sra-pub-zq-16/DRR000/187/DRR187570/DRR187570.lite.1,DRX178042,,WGS,RANDOM,GENOMIC,SINGLE,0,0,OXFORD_NANOPORE,MinION,DRP005337,PRJDB8599,,559098,DRS105034,SAMD00180473,simple,1280,Staphylococcus aureus,SAMD00180473,,,,,,,no,,,,,KYOTO_GM,DRA008776,,public,314DBF0433CE596265E2698BFAC77B62,5A21B82EC31EBD8A45C202D22188BDFD
SRR26134221,2023-09-21 14:31:10,2023-09-21 14:25:09,317743,606259915,0,1908,513,,https://sra-downloadb.be-md.ncbi.nlm.nih.gov/sos3/sra-pub-run-36/SRR026/26134/SRR26134221/SRR26134221.1,SRX21847528,UM11_ONT,WGS,RANDOM,GENOMIC,SINGLE,0,0,OXFORD_NANOPORE,GridION,SRP462476,PRJNA993145,,993145,SRS18945063,SAMN36380958,simple,1280,Staphylococcus aureus,UM11,,,,,,,no,,,,,UNIVERSITY OF VERMONT,SRA1717372,,public,E3B56350BB214D8044715DF4403DB081,A1DA2A2F864624E766E1DC11EA371D44
DRR155408,2018-11-03 02:45:18,2018-11-03 02:45:52,117581,288244575,0,2451,227,,https://sra-downloadb.be-md.ncbi.nlm.nih.gov/sos5/sra-pub-zq-11/DRR000/155/DRR155408/DRR155408.lite.1,DRX146080,,WGS,RANDOM,GENOMIC,SINGLE,0,0,OXFORD_NANOPORE,MinION,DRP004558,PRJDB7606,3.0,503576,DRS078031,SAMD00148192,simple,1280,Staphylococcus aureus,SAMD00148192,,,,,,,no,,,,,TUM-MID,DRA007522,,public,2114FC4FECDD2403EEA4A698FA7E0589,A1D7A24E6DA84D758D0E293835E352C9
SRR11209257,2020-02-28 18:16:40,2020-02-28 17:46:01,4000,78537452,0,19634,67,,https://sra-downloadb.be-md.ncbi.nlm.nih.gov/sos5/sra-pub-zq-16/SRR011/11209/SRR11209257/SRR11209257.lite.1,SRX7822176,FAL25346_900f5cfa348d6a14ab7b341284e92b90c715fc85_124,WGS,RANDOM,GENOMIC,SINGLE,0,0,OXFORD_NANOPORE,GridION,SRP251108,PRJNA609126,,609126,SRS6233359,SAMN14231577,simple,1280,Staphylococcus aureus,SA1428_strain,,,,,,,no,,,,,NATIONAL ANIMAL DISEASE CENTER,SRA1049368,,public,804EA6EB8C2E9C62F360BBD524B966CD,E35E4365476AE4FB4DD25D0D4DB8F4B5
SRR22859720,2022-12-22 03:51:15,2022-12-22 03:48:34,29514,104479087,0,3539,86,,https://sra-downloadb.be-md.ncbi.nlm.nih.gov/sos4/sra-pub-run-30/SRR022/22859/SRR22859720/SRR22859720.1,SRX18818517,"=""""ONT_""""&A37",WGS,RANDOM,GENOMIC,SINGLE,0,0,OXFORD_NANOPORE,MinION,SRP414408,PRJNA914892,,914892,SRS16251786,SAMN32360835,simple,1280,Staphylococcus aureus,C80,,,,,,,no,,,,,THE UNIVERSITY OF ADELAIDE,SRA1564302,,public,3BAB0A77DB0DC40F54E86FD6A8531569,D907FDA60B79081A453016A6EF1A38F3
SRR23913866,2023-03-20 11:02:39,2023-03-20 10:54:25,18548,197795105,0,10663,160,,https://sra-downloadb.be-md.ncbi.nlm.nih.gov/sos4/sra-pub-run-30/SRR023/23913/SRR23913866/SRR23913866.1,SRX19725344,NBD02,WGS,RANDOM,GENOMIC,SINGLE,0,0,OXFORD_NANOPORE,GridION,SRP389280,PRJNA863437,,863437,SRS14393246,SAMN30074497,simple,1280,Staphylococcus aureus,Isolate no 2,,,,,,,no,,,,,INDIAN INSTITUTE OF TECHNOLOGY DELHI,SRA1607041,,public,5BBAABEF2DF7CD1A5AA5182BC5AF95C0,AA9B9A4CB8BC76EE946FF899F110DE15
SRR18802816,2022-04-19 03:49:44,2022-04-19 03:47:26,52279,678130448,0,12971,591,,https://sra-downloadb.be-md.ncbi.nlm.nih.gov/sos2/sra-pub-zq-20/SRR018/18802/SRR18802816/SRR18802816.lite.1,SRX14901249,5667_nanopore,WGA,RANDOM,GENOMIC,SINGLE,0,0,OXFORD_NANOPORE,MinION,SRP370954,PRJNA799058,,799058,SRS12654244,SAMN25144899,simple,1280,Staphylococcus aureus,AH5667,,,,,,,no,,,,,NATIONAL JEWISH HEALTH,SRA1406484,,public,1405D90292FBCD6EF80EE88C914DB289,491398EBBC01DDEAC2D4CEABFD4E459B
SRR25741627,2023-08-23 13:06:45,2023-08-23 13:03:11,38482,288061827,0,7485,240,,https://sra-downloadb.be-md.ncbi.nlm.nih.gov/sos4/sra-pub-run-30/SRR025/25741/SRR25741627/SRR25741627.1,SRX21464878,AC12-15_ONT,WGS,RANDOM,GENOMIC,SINGLE,0,0,OXFORD_NANOPORE,GridION,SRP456656,PRJNA983748,,983748,SRS18699947,SAMN36020231,simple,1280,Staphylococcus aureus,AC12-15,,,,,,,no,,,,,UNIVERSITY OF VERMONT,SRA1698222,,public,FC396C861BE811A496E4AAC053ECBB12,A521D9DBB1B0FF017FD8F8F69F108CD7
SRR25741497,2023-08-23 13:22:55,2023-08-23 13:05:42,100414,492806366,0,4907,436,,https://sra-downloadb.be-md.ncbi.nlm.nih.gov/sos4/sra-pub-run-30/SRR025/25741/SRR25741497/SRR25741497.1,SRX21465007,AC18-18_ONT,WGS,RANDOM,GENOMIC,SINGLE,0,0,OXFORD_NANOPORE,GridION,SRP456656,PRJNA983748,,983748,SRS18699978,SAMN36020167,simple,1280,Staphylococcus aureus,AC18-18,,,,,,,no,,,,,UNIVERSITY OF VERMONT,SRA1698222,,public,7FAF776D65CCAE42D626FE1A0BCAE05D,612D115D06F2E2FD1B60B501E0F3B7E2
SRR25741563,2023-08-23 13:06:45,2023-08-23 13:05:13,91720,456794086,0,4980,403,,https://sra-downloadb.be-md.ncbi.nlm.nih.gov/sos4/sra-pub-run-30/SRR025/25741/SRR25741563/SRR25741563.1,SRX21464941,V41/MG2006-3_ONT,WGS,RANDOM,GENOMIC,SINGLE,0,0,OXFORD_NANOPORE,GridION,SRP456656,PRJNA983748,,983748,SRS18699923,SAMN36020197,simple,1280,Staphylococcus aureus,V41/MG2066-3,,,,,,,no,,,,,UNIVERSITY OF VERMONT,SRA1698222,,public,1FEC758600C2BDD584ED5053D9E4A9DD,061119724D0B302EFE011AACFD10635B
SRR22859974,2022-12-22 03:51:16,2022-12-22 03:48:01,25381,72421859,0,2853,59,,https://sra-downloadb.be-md.ncbi.nlm.nih.gov/sos4/sra-pub-run-30/SRR022/22859/SRR22859974/SRR22859974.1,SRX18818609,"=""""ONT_""""&A74",WGS,RANDOM,GENOMIC,SINGLE,0,0,OXFORD_NANOPORE,MinION,SRP414408,PRJNA914892,,914892,SRS16251774,SAMN32360872,simple,1280,Staphylococcus aureus,C133,,,,,,,no,,,,,THE UNIVERSITY OF ADELAIDE,SRA1564302,,public,E0CA4C1419B9926FFEC0175AD853308B,9EB5AB80D85885DC7A407B450F9B2A43
SRR23290063,2023-01-31 14:01:45,2023-01-31 13:16:08,310140,1049022339,0,3382,872,,https://sra-downloadb.be-md.ncbi.nlm.nih.gov/sos2/sra-pub-run-34/SRR023/23290/SRR23290063/SRR23290063.1,SRX19233349,ATCC23235,WGS,RANDOM,GENOMIC,SINGLE,0,0,OXFORD_NANOPORE,MinION,SRP420291,PRJNA929966,,929966,SRS16637815,SAMN32977648,simple,1280,Staphylococcus aureus,ATCC23235,,,,,,,no,,,,,MICHIGAN DEPARTMENT OF HEALTH AND HUMAN SERVICES,SRA1582809,,public,74FBF5ED2328B6FD7CA75FBC4AD886E8,E30464BD36A7D5FAC1BAA99A434A5A74
SRR11209221,2020-02-28 18:16:41,2020-02-28 17:46:37,4000,99187622,0,24796,85,,https://sra-downloadb.be-md.ncbi.nlm.nih.gov/sos5/sra-pub-zq-11/SRR011/209/SRR11209221/SRR11209221.lite.1,SRX7822212,FAL25346_900f5cfa348d6a14ab7b341284e92b90c715fc85_69,WGS,RANDOM,GENOMIC,SINGLE,0,0,OXFORD_NANOPORE,GridION,SRP251108,PRJNA609126,,609126,SRS6233359,SAMN14231577,simple,1280,Staphylococcus aureus,SA1428_strain,,,,,,,no,,,,,NATIONAL ANIMAL DISEASE CENTER,SRA1049368,,public,01D85D1D9853CE1FA41F58CFD1D19075,C5616B2F01404C8BAF5261C9731116B6
SRR22859979,2022-12-22 03:51:16,2022-12-22 03:47:46,29163,75423680,0,2586,62,,https://sra-downloadb.be-md.ncbi.nlm.nih.gov/sos4/sra-pub-run-30/SRR022/22859/SRR22859979/SRR22859979.1,SRX18818604,"=""""ONT_""""&A70",WGS,RANDOM,GENOMIC,SINGLE,0,0,OXFORD_NANOPORE,MinION,SRP414408,PRJNA914892,,914892,SRS16251770,SAMN32360868,simple,1280,Staphylococcus aureus,C294,,,,,,,no,,,,,THE UNIVERSITY OF ADELAIDE,SRA1564302,,public,EB38A3BB61339278C105C8A2B20C402C,2C243912CAE6296AE6ED7C8E93B5E1ED
SRR22859885,2022-12-22 03:51:17,2022-12-22 03:47:52,28319,83099816,0,2934,68,,https://sra-downloadb.be-md.ncbi.nlm.nih.gov/sos4/sra-pub-run-30/SRR022/22859/SRR22859885/SRR22859885.1,SRX18818699,"=""""ONT_""""&A88",WGS,RANDOM,GENOMIC,SINGLE,0,0,OXFORD_NANOPORE,MinION,SRP414408,PRJNA914892,,914892,SRS16251829,SAMN32360886,simple,1280,Staphylococcus aureus,C312,,,,,,,no,,,,,THE UNIVERSITY OF ADELAIDE,SRA1564302,,public,B981EC19CCE8650797392EB730C3201E,1BCA92CBD521E2FB369385991CEA6788
SRR24962470,2023-06-19 19:51:21,2023-06-19 19:36:53,208946,912184557,0,4365,805,,https://sra-downloadb.be-md.ncbi.nlm.nih.gov/sos3/sra-pub-run-36/SRR024/24962/SRR24962470/SRR24962470.1,SRX20720533,9422-01ONTBC,WGS,RANDOM,METAGENOMIC,SINGLE,0,0,OXFORD_NANOPORE,MinION,SRP444682,PRJNA982891,,982891,SRS18011971,SAMN35766907,simple,1280,Staphylococcus aureus,9422-01,,,,,,,no,,,,,UNIVERSITY OF QUEENSLAND,SRA1658192,,public,512CE8A4F2350647D5BFD218BA772613,F9B4C1F77765F65D28567AEFE13A6779
SRR25741547,2023-08-23 13:06:45,2023-08-23 13:03:02,110528,299741758,0,2711,254,,https://sra-downloadb.be-md.ncbi.nlm.nih.gov/sos4/sra-pub-run-30/SRR025/25741/SRR25741547/SRR25741547.1,SRX21464957,AC13-13_ONT,WGS,RANDOM,GENOMIC,SINGLE,0,0,OXFORD_NANOPORE,GridION,SRP456656,PRJNA983748,,983748,SRS18699993,SAMN36020214,simple,1280,Staphylococcus aureus,AC13-13,,,,,,,no,,,,,UNIVERSITY OF VERMONT,SRA1698222,,public,2E1520E0DBEC86549AE33B7643485F65,4A944E4C686D09784C307DBE5524C44C
SRR22859898,2022-12-22 03:51:17,2022-12-22 03:48:07,24176,70298124,0,2907,58,,https://sra-downloadb.be-md.ncbi.nlm.nih.gov/sos4/sra-pub-run-30/SRR022/22859/SRR22859898/SRR22859898.1,SRX18818686,"=""""ONT_""""&A34",WGS,RANDOM,GENOMIC,SINGLE,0,0,OXFORD_NANOPORE,MinION,SRP414408,PRJNA914892,,914892,SRS16251882,SAMN32360832,simple,1280,Staphylococcus aureus,C22,,,,,,,no,,,,,THE UNIVERSITY OF ADELAIDE,SRA1564302,,public,7E19FA3D2B2203BBC967EE7DF5006FE0,72A4D3E2C62F814D856F89C01A304C15
SRR13123358,2020-11-25 04:22:48,2020-11-23 20:31:02,65908,800003557,0,12138,686,,https://sra-downloadb.be-md.ncbi.nlm.nih.gov/sos3/sra-pub-zq-24/SRR013/13123/SRR13123358/SRR13123358.lite.1,SRX9565385,MSSA_SSSS_01_nanoporeLigation,WGS,PCR,GENOMIC,SINGLE,0,0,OXFORD_NANOPORE,MinION,SRP293966,PRJNA662727,,662727,SRS7761568,SAMN16093280,simple,1280,Staphylococcus aureus,MSSA_SSSS_01,,,,,,,no,,,,,UNIVERSITY OF CENTRAL FLORIDA,SRA1163081,,public,4334ADDECCBB2D3F4E68AA2AC182B7B4,774193F56BCB1B8754849386F2FC1930
SRR22266384,2023-04-28 03:40:18,2022-11-12 05:45:24,82602,113496279,0,1374,94,,https://sra-downloadb.be-md.ncbi.nlm.nih.gov/sos4/sra-pub-run-30/SRR022/22266/SRR22266384/SRR22266384.1,SRX18242605,CO-B1,AMPLICON,PCR,METAGENOMIC,SINGLE,0,0,OXFORD_NANOPORE,MinION,SRP407562,PRJNA900717,,900717,SRS15738336,SAMN31699595,simple,1441287,mouse metagenome,CO-B1,,,,,,,no,,,,,CHINESE PLA CENTER FOR DISEASE CONTROL AND PREVENTION,SRA1539483,,public,7FF29785A09AD483199202CCAA2EB0DF,ACD370546794C3C72515A952B352B72C
SRR11209180,2020-02-28 18:16:41,2020-02-28 17:46:07,4000,102110139,0,25527,88,,https://sra-downloadb.be-md.ncbi.nlm.nih.gov/sos5/sra-pub-zq-16/SRR011/11209/SRR11209180/SRR11209180.lite.1,SRX7822253,FAL25346_900f5cfa348d6a14ab7b341284e92b90c715fc85_41,WGS,RANDOM,GENOMIC,SINGLE,0,0,OXFORD_NANOPORE,GridION,SRP251108,PRJNA609126,,609126,SRS6233359,SAMN14231577,simple,1280,Staphylococcus aureus,SA1428_strain,,,,,,,no,,,,,NATIONAL ANIMAL DISEASE CENTER,SRA1049368,,public,BB594A87E82A7332A6DAB3C03FDD86C4,8CA4EAA641F526AA41970BB6967664B4
SRR21201855,2023-05-25 12:26:57,2022-08-25 17:00:24,27,29521,0,1093,0,,https://sra-downloadb.be-md.ncbi.nlm.nih.gov/sos3/sra-pub-run-36/SRR021/21201/SRR21201855/SRR21201855.1,SRX17212663,CAMP183,AMPLICON,PCR,METAGENOMIC,SINGLE,0,0,OXFORD_NANOPORE,MinION,SRP394009,PRJNA869859,,869859,SRS14779881,SAMN30328916,simple,1280,Staphylococcus aureus,20220322_aDNA_Saureus-3-16S_10CFU_819_18,,,,,,,no,,,,,SINGAPORE-MIT ALLIANCE FOR RESEARCH AND TECHNOLOGY,SRA1476177,,public,5589060C56CF6A71B3D0E2DC2A2618C1,96C2FA3864EE520778FA20E6FA32D109
SRR10882899,2020-01-14 04:34:11,2020-01-14 04:29:24,255227,1957070812,0,7667,1688,,https://sra-downloadb.be-md.ncbi.nlm.nih.gov/sos5/sra-pub-zq-16/SRR010/10882/SRR10882899/SRR10882899.lite.1,SRX7551897,UP_522_nanopore,WGS,RANDOM,GENOMIC,SINGLE,0,0,OXFORD_NANOPORE,MinION,SRP189296,PRJNA528186,,528186,SRS4529898,SAMN11175608,simple,1280,Staphylococcus aureus,Barcoding_48_sample_11,,,,,,,no,,,,,UNIVERSITY HOSPITAL DUESSELDORF,SRA1025779,,public,085C534E5137FBF8C6872CCA4B0E26EE,A704D5EE069864173B7215DD9F3551C6
DRR337714,2022-01-20 11:22:52,2022-01-20 11:20:38,41695,68313943,0,1638,56,,https://sra-downloadb.be-md.ncbi.nlm.nih.gov/sos3/sra-pub-zq-24/DRR000/337/DRR337714/DRR337714.lite.1,DRX326674,,WGS,RANDOM,GENOMIC,SINGLE,0,0,OXFORD_NANOPORE,MinION,DRP007433,PRJDB11405,,741409,DRS195549,SAMD00287812,simple,1280,Staphylococcus aureus,SAMD00287812,,,,,,,no,,,,,JICHI_MED,DRA013325,,public,5A9B67B1DCEABA9F8A4F91D3D52666BD,48B60EEB7AA0524C658B74CBDDDFA508
DRR337707,2022-01-20 11:22:52,2022-01-20 11:20:43,39963,102649194,0,2568,83,,https://sra-downloadb.be-md.ncbi.nlm.nih.gov/sos3/sra-pub-zq-24/DRR000/337/DRR337707/DRR337707.lite.1,DRX326667,,WGS,RANDOM,GENOMIC,SINGLE,0,0,OXFORD_NANOPORE,MinION,DRP007433,PRJDB11405,,741409,DRS195537,SAMD00287804,simple,1280,Staphylococcus aureus,SAMD00287804,,,,,,,no,,,,,JICHI_MED,DRA013325,,public,295C06584C54F8CE5FCA750C1EA2B3B0,A92E47562E0E8DDEF7C0C1360D19852B
SRR25741608,2023-08-23 13:06:45,2023-08-23 13:04:01,151068,688724645,0,4559,580,,https://sra-downloadb.be-md.ncbi.nlm.nih.gov/sos4/sra-pub-run-30/SRR025/25741/SRR25741608/SRR25741608.1,SRX21464897,AC07-36_ONT,WGS,RANDOM,GENOMIC,SINGLE,0,0,OXFORD_NANOPORE,GridION,SRP456656,PRJNA983748,,983748,SRS18699966,SAMN36020228,simple,1280,Staphylococcus aureus,AC07-36,,,,,,,no,,,,,UNIVERSITY OF VERMONT,SRA1698222,,public,F3A4E6B4F59E2724E37749846330FE57,DF1B7A57020643292351BEC2E5D50AC1
SRR25890237,2023-09-13 00:01:15,2023-09-03 03:58:26,190305,287955563,0,1513,261,,https://sra-downloadb.be-md.ncbi.nlm.nih.gov/sos4/sra-pub-run-30/SRR025/25890/SRR25890237/SRR25890237.1,SRX21610602,MRSA_N_BC_08,WGS,unspecified,GENOMIC,SINGLE,0,0,OXFORD_NANOPORE,MinION,SRP458186,PRJNA1012291,,1012291,SRS18783830,SAMN37251715,simple,1279,Staphylococcus,MRSA Isolate 8 Nanopore,,,,,,,no,,,,,UNIVERSITY HOSPITAL DUESSELDORF,SRA1704351,,public,AE8360BB13FE774C4EC4A1851F369303,53BA9227F81FD483E597149481CFE128
SRR25890278,2023-09-13 00:01:15,2023-09-03 03:58:44,146436,226831015,0,1549,205,,https://sra-downloadb.be-md.ncbi.nlm.nih.gov/sos4/sra-pub-run-30/SRR025/25890/SRR25890278/SRR25890278.1,SRX21610561,MRSA_N_BC_11,WGS,unspecified,GENOMIC,SINGLE,0,0,OXFORD_NANOPORE,MinION,SRP458186,PRJNA1012291,,1012291,SRS18783788,SAMN37251718,simple,1279,Staphylococcus,MRSA Isolate 11 Nanopore,,,,,,,no,,,,,UNIVERSITY HOSPITAL DUESSELDORF,SRA1704351,,public,046A1D5104F9C00A073B2813104D9894,F6BEFD117314211F897DC9965D47CF6E
SRR8776817,2019-12-30 00:01:26,2019-03-25 06:32:28,105320,789490840,0,7496,646,,https://sra-downloadb.be-md.ncbi.nlm.nih.gov/sos5/sra-pub-zq-11/SRR008/776/SRR8776817/SRR8776817.lite.1,SRX5566953,UP_1209_nanopore,WGS,RANDOM,GENOMIC,SINGLE,0,0,OXFORD_NANOPORE,MinION,SRP189296,PRJNA528186,,528186,SRS4529930,SAMN11175628,simple,1280,Staphylococcus aureus,Barcoding_48_sample_31,,,,,,,no,,,,,UNIVERSITY HOSPITAL DUESSELDORF,SRA865192,,public,C4FFEFC9D404576D1DB3C9B667AA90B7,1BEEA7B5D9ADA37F48CE88F4C638EA91
SRR22266368,2023-04-28 03:40:18,2022-11-12 05:45:13,33959,40832882,0,1202,33,,https://sra-downloadb.be-md.ncbi.nlm.nih.gov/sos4/sra-pub-run-30/SRR022/22266/SRR22266368/SRR22266368.1,SRX18242621,PR8-B3,AMPLICON,PCR,METAGENOMIC,SINGLE,0,0,OXFORD_NANOPORE,MinION,SRP407562,PRJNA900717,,900717,SRS15738352,SAMN31699609,simple,1441287,mouse metagenome,PR8-B3,,,,,,,no,,,,,CHINESE PLA CENTER FOR DISEASE CONTROL AND PREVENTION,SRA1539483,,public,53BB6D8D9A2EE02D8467F2431B7AB4D6,5CCB054A6BA0E4C1CAE7C421FC389B66
DRR157204,2019-05-16 14:00:21,2019-06-14 11:31:24,2926,4453237,0,1521,3,,https://sra-downloadb.be-md.ncbi.nlm.nih.gov/sos4/sra-pub-zq-1/DRR000/157/DRR157204/DRR157204.lite.1,DRX147876,,AMPLICON,PCR,METAGENOMIC,SINGLE,0,0,OXFORD_NANOPORE,MinION,DRP005064,PRJDB7458,3.0,543443,DRS095122,SAMD00141481,simple,1280,Staphylococcus aureus,SAMD00141481,,,,,,,no,,,,,TOKAI,DRA007534,,public,7DB7F581B3DB65D005D961C166D79A96,C8A594B4ABB2BF39A9C9A9BD142E7639
SRR21201838,2023-05-25 12:26:57,2022-08-25 17:00:10,452,679809,0,1504,0,,https://sra-downloadb.be-md.ncbi.nlm.nih.gov/sos3/sra-pub-run-36/SRR021/21201/SRR21201838/SRR21201838.1,SRX17212680,CAMP204,AMPLICON,PCR,METAGENOMIC,SINGLE,0,0,OXFORD_NANOPORE,MinION,SRP394009,PRJNA869859,,869859,SRS14779898,SAMN30328932,simple,1280,Staphylococcus aureus,20220419_aDNA_TC-Saureus-1-16S_10CFU_822_18,,,,,,,no,,,,,SINGAPORE-MIT ALLIANCE FOR RESEARCH AND TECHNOLOGY,SRA1476177,,public,E827BEBD6EC8ACD9F88D871E475641FD,22BB3B8B0DA9C2EE66F8595A743870CF
SRR11209293,2020-02-28 18:16:39,2020-02-28 17:47:53,4000,91984323,0,22996,79,,https://sra-downloadb.be-md.ncbi.nlm.nih.gov/sos5/sra-pub-zq-16/SRR011/11209/SRR11209293/SRR11209293.lite.1,SRX7822140,FAL25346_900f5cfa348d6a14ab7b341284e92b90c715fc85_113,WGS,RANDOM,GENOMIC,SINGLE,0,0,OXFORD_NANOPORE,GridION,SRP251108,PRJNA609126,,609126,SRS6233359,SAMN14231577,simple,1280,Staphylococcus aureus,SA1428_strain,,,,,,,no,,,,,NATIONAL ANIMAL DISEASE CENTER,SRA1049368,,public,9CCD5F4C0FEAD437F64DBDD1DB35B4DB,8D0932A3C5C9D014223D1D390A781A7F
SRR12343962,2021-08-01 00:04:59,2020-07-29 10:28:30,12863,160009038,0,12439,141,,https://sra-downloadb.be-md.ncbi.nlm.nih.gov/sos3/sra-pub-zq-22/SRR012/12343/SRR12343962/SRR12343962.lite.1,SRX8843603,NAS_OP_042_nanopore,WGS,PCR,GENOMIC,SINGLE,0,0,OXFORD_NANOPORE,MinION,SRP274107,PRJNA626345,,626345,SRS7106655,SAMN15567980,simple,1280,Staphylococcus aureus,NAS_OP_042,,,,,,,no,,,,,UNIVERSITY OF CENTRAL FLORIDA,SRA1105247,,public,A44233822EB55A29E53C21AADF1371AF,D4B3140E07917C3E87C9F968E7ED815A
SRR8776874,2019-12-30 00:01:25,2019-03-25 06:33:02,73886,443099556,0,5997,362,,https://sra-downloadb.be-md.ncbi.nlm.nih.gov/sos5/sra-pub-zq-16/SRR008/8776/SRR8776874/SRR8776874.lite.1,SRX5566896,UP_248_nanopore,WGS,RANDOM,GENOMIC,SINGLE,0,0,OXFORD_NANOPORE,MinION,SRP189296,PRJNA528186,,528186,SRS4529919,SAMN11175598,simple,1280,Staphylococcus aureus,Barcoding_48_sample_1,,,,,,,no,,,,,UNIVERSITY HOSPITAL DUESSELDORF,SRA865192,,public,8ED49DE1C5BFCC061F8E15A05730473F,D5012C6CFADA89B0F4558EC030B0126B
DRR287520,2022-06-13 16:45:07,2022-06-13 16:45:05,392055,791827393,0,2019,696,,https://sra-downloadb.be-md.ncbi.nlm.nih.gov/sos4/sra-pub-run-30/DRR000/287/DRR287520/DRR287520.1,DRX276977,SA59731,WGS,RANDOM,GENOMIC,SINGLE,0,0,OXFORD_NANOPORE,MinION,DRP008650,PRJDB11424,,849020,DRS243331,SAMD00291293,simple,1280,Staphylococcus aureus,SAMD00291293,,,,,,,no,,,,,NCGM,DRA011861,,public,F57ADDB0DF38A1AE358BD3BBFDCC6E56,8E7C65E998D49BCC2713B05CB0DC3714
SRR22252485,2022-11-10 02:33:56,2022-11-10 02:22:46,142794,221523947,0,1551,191,,https://sra-downloadb.be-md.ncbi.nlm.nih.gov/sos4/sra-pub-run-30/SRR022/22252/SRR22252485/SRR22252485.1,SRX18229095,Run8Barcode22,AMPLICON,PCR,GENOMIC,SINGLE,0,0,OXFORD_NANOPORE,MinION,SRP407119,PRJNA900010,,900010,SRS15725265,SAMN31676276,simple,1280,Staphylococcus aureus,DNeasy UltraClean - S. aureus,,,,,,,no,,,,,SAM HOUSTON STATE UNIVERSITY,SRA1538262,,public,D8CCA07DBDAFFA311D5F3014FCF27313,7A78C91E48EFF21C001D2AD52E1C208B
SRR22859881,2022-12-22 03:53:16,2022-12-22 03:52:44,70818,412826287,0,5829,341,,https://sra-downloadb.be-md.ncbi.nlm.nih.gov/sos4/sra-pub-run-30/SRR022/22859/SRR22859881/SRR22859881.1,SRX18818703,"=""""ONT_""""&A11",WGS,RANDOM,GENOMIC,SINGLE,0,0,OXFORD_NANOPORE,MinION,SRP414408,PRJNA914892,,914892,SRS16251755,SAMN32360809,simple,1280,Staphylococcus aureus,C164,,,,,,,no,,,,,THE UNIVERSITY OF ADELAIDE,SRA1564302,,public,CF48B278DE1BC722B7865B22CFF7EB54,C2D6EAE9D420B311EE2BFEEDBF0C12D0
SRR11219404,2020-03-03 12:32:14,2020-03-03 12:30:43,4000,80591311,0,20147,69,,https://sra-downloadb.be-md.ncbi.nlm.nih.gov/sos5/sra-pub-run-32/SRR011/11219/SRR11219404/SRR11219404.1,SRX7822160,FAL25346_900f5cfa348d6a14ab7b341284e92b90c715fc85_56,WGS,RANDOM,GENOMIC,SINGLE,0,0,OXFORD_NANOPORE,GridION,SRP251108,PRJNA609126,,609126,SRS6233359,SAMN14231577,simple,1280,Staphylococcus aureus,SA1428_strain,,,,,,,no,,,,,NATIONAL ANIMAL DISEASE CENTER,SRA1049368,,public,D73EFE50A95F543293B95B7963337F76,D2F8B6D6E9DC1922A11DA35003E3C27F
SRR25890266,2023-09-13 00:01:15,2023-09-03 03:59:14,236572,355175336,0,1501,322,,https://sra-downloadb.be-md.ncbi.nlm.nih.gov/sos4/sra-pub-run-30/SRR025/25890/SRR25890266/SRR25890266.1,SRX21610573,MRSA_N_BC_22,WGS,unspecified,GENOMIC,SINGLE,0,0,OXFORD_NANOPORE,MinION,SRP458186,PRJNA1012291,,1012291,SRS18783799,SAMN37251729,simple,1279,Staphylococcus,MRSA Isolate 22 Nanopore,,,,,,,no,,,,,UNIVERSITY HOSPITAL DUESSELDORF,SRA1704351,,public,5DBD1E1B4A853CAE7A856CED2D782FA2,ADB3E818259FDD5C24EDD0C7C8922864

Run IDs written to run_ids.txt
